Pred_TPO_MW1,Pred_TPO_MW2,Pred_TPO_MW3,Pred_TPO_MW4,Pred_TPO_MW5,Pred_TPO_MW6,Pred_TPO_MW7,Pred_TPO_MW8,Pred_TPO_Price1,Pred_TPO_Price2,Pred_TPO_Price3,Pred_TPO_Price4,Pred_TPO_Price5,Pred_TPO_Price6,Pred_TPO_Price7,Pred_TPO_Price8
50.018177,70.09901,103.436325,120.04913,137.66339,151.14674,164.67346,179.37714,25.3305,26.316374,27.150639,28.569809,31.283127,32.57649,35.42543,36.568413
50.018177,70.09901,103.436325,120.04913,137.66339,151.14674,164.67346,179.37714,25.3305,26.316374,27.150639,28.569809,31.283127,32.57649,35.42543,36.568413
50.018177,70.09901,103.436325,120.04913,137.66339,151.14674,164.67346,179.37714,25.3305,26.316374,27.150639,28.569809,31.283127,32.57649,35.42543,36.568413
50.018177,70.09901,103.436325,120.04913,137.66339,151.14674,164.67346,179.37714,25.3305,26.316374,27.150639,28.569809,31.283127,32.57649,35.42543,36.568413
50.018177,70.09901,103.436325,120.04913,137.66339,151.14674,164.67346,179.37714,25.3305,26.316374,27.150639,28.569809,31.283127,32.57649,35.42543,36.568413
50.018177,70.09901,103.436325,120.04913,137.66339,151.14674,164.67346,179.37714,25.3305,26.316374,27.150639,28.569809,31.283127,32.57649,35.42543,36.568413
50.018177,70.09901,103.436325,120.04913,137.66339,151.14674,164.67346,179.37714,25.3305,26.316374,27.150639,28.569809,31.283127,32.57649,35.42543,36.568413
50.018177,70.09901,103.436325,120.04913,137.66339,151.14674,164.67346,179.37714,25.3305,26.316374,27.150639,28.569809,31.283127,32.57649,35.42543,36.568413
50.018177,70.09901,103.436325,120.04913,137.66339,151.14674,164.67346,179.37714,25.3305,26.316374,27.150639,28.569809,31.283127,32.57649,35.42543,36.568413
50.018177,70.09901,103.436325,120.04913,137.66339,151.14674,164.67346,179.37714,25.3305,26.316374,27.150639,28.569809,31.283127,32.57649,35.42543,36.568413
50.018177,70.09901,103.436325,120.04913,137.66339,151.14674,164.67346,179.37714,25.3305,26.316374,27.150639,28.569809,31.283127,32.57649,35.42543,36.568413
50.018177,70.09901,103.436325,120.04913,137.66339,151.14674,164.67346,179.37714,25.3305,26.316374,27.150639,28.569809,31.283127,32.57649,35.42543,36.568413
50.018177,70.09901,103.436325,120.04913,137.66339,151.14674,164.67346,179.37714,25.3305,26.316374,27.150639,28.569809,31.283127,32.57649,35.42543,36.568413
50.018177,70.09901,103.436325,120.04913,137.66339,151.14674,164.67346,179.37714,25.3305,26.316374,27.150639,28.569809,31.283127,32.57649,35.42543,36.568413
50.018177,70.09901,103.436325,120.04913,137.66339,151.14674,164.67346,179.37714,25.3305,26.316374,27.150639,28.569809,31.283127,32.57649,35.42543,36.568413
50.018177,70.09901,103.436325,120.04913,137.66339,151.14674,164.67346,179.37714,25.3305,26.316374,27.150639,28.569809,31.283127,32.57649,35.42543,36.568413
50.018177,70.09901,103.436325,120.04913,137.66339,151.14674,164.67346,179.37714,25.3305,26.316374,27.150639,28.569809,31.283127,32.57649,35.42543,36.568413
50.018177,70.09901,103.436325,120.04913,137.66339,151.14674,164.67346,179.37714,25.3305,26.316374,27.150639,28.569809,31.283127,32.57649,35.42543,36.568413
50.018177,70.09901,103.436325,120.04913,137.66339,151.14674,164.67346,179.37714,25.3305,26.316374,27.150639,28.569809,31.283127,32.57649,35.42543,36.568413
50.018177,70.09901,103.436325,120.04913,137.66339,151.14674,164.67346,179.37714,25.3305,26.316374,27.150639,28.569809,31.283127,32.57649,35.42543,36.568413
50.018177,70.09901,103.436325,120.04913,137.66339,151.14674,164.67346,179.37714,25.3305,26.316374,27.150639,28.569809,31.283127,32.57649,35.42543,36.568413
50.018177,70.09901,103.436325,120.04913,137.66339,151.14674,164.67346,179.37714,25.3305,26.316374,27.150639,28.569809,31.283127,32.57649,35.42543,36.568413
50.018177,70.09901,103.436325,120.04913,137.66339,151.14674,164.67346,179.37714,25.3305,26.316374,27.150639,28.569809,31.283127,32.57649,35.42543,36.568413
50.018177,70.09901,103.436325,120.04913,137.66339,151.14674,164.67346,179.37714,25.3305,26.316374,27.150639,28.569809,31.283127,32.57649,35.42543,36.568413
50.018177,70.09901,103.436325,120.04913,137.66339,151.14674,164.67346,179.37714,25.3305,26.316374,27.150639,28.569809,31.283127,32.57649,35.42543,36.568413
50.018177,70.09901,103.436325,120.04913,137.66339,151.14674,164.67346,179.37714,25.3305,26.316374,27.150639,28.569809,31.283127,32.57649,35.42543,36.568413
50.018177,70.09901,103.436325,120.04913,137.66339,151.14674,164.67346,179.37714,25.3305,26.316374,27.150639,28.569809,31.283127,32.57649,35.42543,36.568413
50.018177,70.09901,103.436325,120.04913,137.66339,151.14674,164.67346,179.37714,25.3305,26.316374,27.150639,28.569809,31.283127,32.57649,35.42543,36.568413
50.018177,70.09901,103.436325,120.04913,137.66339,151.14674,164.67346,179.37714,25.3305,26.316374,27.150639,28.569809,31.283127,32.57649,35.42543,36.568413
50.018177,70.09901,103.436325,120.04913,137.66339,151.14674,164.67346,179.37714,25.3305,26.316374,27.150639,28.569809,31.283127,32.57649,35.42543,36.568413
50.018177,70.09901,103.436325,120.04913,137.66339,151.14674,164.67346,179.37714,25.3305,26.316374,27.150639,28.569809,31.283127,32.57649,35.42543,36.568413
50.018177,70.09901,103.436325,120.04913,137.66339,151.14674,164.67346,179.37714,25.3305,26.316374,27.150639,28.569809,31.283127,32.57649,35.42543,36.568413
50.018177,70.09901,103.436325,120.04913,137.66339,151.14674,164.67346,179.37714,25.3305,26.316374,27.150639,28.569809,31.283127,32.57649,35.42543,36.568413
50.018177,70.09901,103.436325,120.04913,137.66339,151.14674,164.67346,179.37714,25.3305,26.316374,27.150639,28.569809,31.283127,32.57649,35.42543,36.568413
50.018177,70.09901,103.436325,120.04913,137.66339,151.14674,164.67346,179.37714,25.3305,26.316374,27.150639,28.569809,31.283127,32.57649,35.42543,36.568413
50.018177,70.09901,103.436325,120.04913,137.66339,151.14674,164.67346,179.37714,25.3305,26.316374,27.150639,28.569809,31.283127,32.57649,35.42543,36.568413
50.018177,70.09901,103.436325,120.04913,137.66339,151.14674,164.67346,179.37714,25.3305,26.316374,27.150639,28.569809,31.283127,32.57649,35.42543,36.568413
50.018177,70.09901,103.436325,120.04913,137.66339,151.14674,164.67346,179.37714,25.3305,26.316374,27.150639,28.569809,31.283127,32.57649,35.42543,36.568413
50.018177,70.09901,103.436325,120.04913,137.66339,151.14674,164.67346,179.37714,25.3305,26.316374,27.150639,28.569809,31.283127,32.57649,35.42543,36.568413
50.018177,70.09901,103.436325,120.04913,137.66339,151.14674,164.67346,179.37714,25.3305,26.316374,27.150639,28.569809,31.283127,32.57649,35.42543,36.568413
50.018177,70.09901,103.436325,120.04913,137.66339,151.14674,164.67346,179.37714,25.3305,26.316374,27.150639,28.569809,31.283127,32.57649,35.42543,36.568413
50.018177,70.09901,103.436325,120.04913,137.66339,151.14674,164.67346,179.37714,25.3305,26.316374,27.150639,28.569809,31.283127,32.57649,35.42543,36.568413
50.018177,70.09901,103.436325,120.04913,137.66339,151.14674,164.67346,179.37714,25.3305,26.316374,27.150639,28.569809,31.283127,32.57649,35.42543,36.568413
50.018177,70.09901,103.436325,120.04913,137.66339,151.14674,164.67346,179.37714,25.3305,26.316374,27.150639,28.569809,31.283127,32.57649,35.42543,36.568413
50.018177,70.09901,103.436325,120.04913,137.66339,151.14674,164.67346,179.37714,25.3305,26.316374,27.150639,28.569809,31.283127,32.57649,35.42543,36.568413
50.018177,70.09901,103.436325,120.04913,137.66339,151.14674,164.67346,179.37714,25.3305,26.316374,27.150639,28.569809,31.283127,32.57649,35.42543,36.568413
50.018177,70.09901,103.436325,120.04913,137.66339,151.14674,164.67346,179.37714,25.3305,26.316374,27.150639,28.569809,31.283127,32.57649,35.42543,36.568413
50.018177,70.09901,103.436325,120.04913,137.66339,151.14674,164.67346,179.37714,25.3305,26.316374,27.150639,28.569809,31.283127,32.57649,35.42543,36.568413
50.018177,70.09901,103.436325,120.04913,137.66339,151.14674,164.67346,179.37714,25.3305,26.316374,27.150639,28.569809,31.283127,32.57649,35.42543,36.568413
50.018177,70.09901,103.436325,120.04913,137.66339,151.14674,164.67346,179.37714,25.3305,26.316374,27.150639,28.569809,31.283127,32.57649,35.42543,36.568413
50.018177,70.09901,103.436325,120.04913,137.66339,151.14674,164.67346,179.37714,25.3305,26.316374,27.150639,28.569809,31.283127,32.57649,35.42543,36.568413
50.018177,70.09901,103.436325,120.04913,137.66339,151.14674,164.67346,179.37714,25.3305,26.316374,27.150639,28.569809,31.283127,32.57649,35.42543,36.568413
50.018177,70.09901,103.436325,120.04913,137.66339,151.14674,164.67346,179.37714,25.3305,26.316374,27.150639,28.569809,31.283127,32.57649,35.42543,36.568413
50.018177,70.09901,103.436325,120.04913,137.66339,151.14674,164.67346,179.37714,25.3305,26.316374,27.150639,28.569809,31.283127,32.57649,35.42543,36.568413
50.018177,70.09901,103.436325,120.04913,137.66339,151.14674,164.67346,179.37714,25.3305,26.316374,27.150639,28.569809,31.283127,32.57649,35.42543,36.568413
50.018177,70.09901,103.436325,120.04913,137.66339,151.14674,164.67346,179.37714,25.3305,26.316374,27.150639,28.569809,31.283127,32.57649,35.42543,36.568413
50.018177,70.09901,103.436325,120.04913,137.66339,151.14674,164.67346,179.37714,25.3305,26.316374,27.150639,28.569809,31.283127,32.57649,35.42543,36.568413
50.018177,70.09901,103.436325,120.04913,137.66339,151.14674,164.67346,179.37714,25.3305,26.316374,27.150639,28.569809,31.283127,32.57649,35.42543,36.568413
50.018177,70.09901,103.436325,120.04913,137.66339,151.14674,164.67346,179.37714,25.3305,26.316374,27.150639,28.569809,31.283127,32.57649,35.42543,36.568413
50.018177,70.09901,103.436325,120.04913,137.66339,151.14674,164.67346,179.37714,25.3305,26.316374,27.150639,28.569809,31.283127,32.57649,35.42543,36.568413
50.018177,70.09901,103.436325,120.04913,137.66339,151.14674,164.67346,179.37714,25.3305,26.316374,27.150639,28.569809,31.283127,32.57649,35.42543,36.568413
50.018177,70.09901,103.436325,120.04913,137.66339,151.14674,164.67346,179.37714,25.3305,26.316374,27.150639,28.569809,31.283127,32.57649,35.42543,36.568413
50.018177,70.09901,103.436325,120.04913,137.66339,151.14674,164.67346,179.37714,25.3305,26.316374,27.150639,28.569809,31.283127,32.57649,35.42543,36.568413
50.018177,70.09901,103.436325,120.04913,137.66339,151.14674,164.67346,179.37714,25.3305,26.316374,27.150639,28.569809,31.283127,32.57649,35.42543,36.568413
50.018177,70.09901,103.436325,120.04913,137.66339,151.14674,164.67346,179.37714,25.3305,26.316374,27.150639,28.569809,31.283127,32.57649,35.42543,36.568413
50.018177,70.09901,103.436325,120.04913,137.66339,151.14674,164.67346,179.37714,25.3305,26.316374,27.150639,28.569809,31.283127,32.57649,35.42543,36.568413
50.018177,70.09901,103.436325,120.04913,137.66339,151.14674,164.67346,179.37714,25.3305,26.316374,27.150639,28.569809,31.283127,32.57649,35.42543,36.568413
50.018177,70.09901,103.436325,120.04913,137.66339,151.14674,164.67346,179.37714,25.3305,26.316374,27.150639,28.569809,31.283127,32.57649,35.42543,36.568413
50.018177,70.09901,103.436325,120.04913,137.66339,151.14674,164.67346,179.37714,25.3305,26.316374,27.150639,28.569809,31.283127,32.57649,35.42543,36.568413
50.018177,70.09901,103.436325,120.04913,137.66339,151.14674,164.67346,179.37714,25.3305,26.316374,27.150639,28.569809,31.283127,32.57649,35.42543,36.568413
50.018177,70.09901,103.436325,120.04913,137.66339,151.14674,164.67346,179.37714,25.3305,26.316374,27.150639,28.569809,31.283127,32.57649,35.42543,36.568413
50.018177,70.09901,103.436325,120.04913,137.66339,151.14674,164.67346,179.37714,25.3305,26.316374,27.150639,28.569809,31.283127,32.57649,35.42543,36.568413
